{"cameraMode":{"drawMode":0,"name":"Shaded","section":"Shading Mode"},"sceneLighting":false,"audioPlay":false,"sceneViewState":{"showFog":true,"showMaterialUpdate":false,"showSkybox":false,"showFlares":true,"showImageEffects":true,"showParticleSystems":true},"in2DMode":false,"pivot":{"x":-0.13139057159423829,"y":0.30987611413002016,"z":0.03999999165534973},"rotation":{"x":-0.018558138981461526,"y":0.9129062294960022,"z":-0.04296810179948807,"w":-0.4060758054256439},"size":2.3137640953063967,"orthographic":false}