{"cameraMode":{"drawMode":0,"name":"Shaded","section":"Shading Mode"},"sceneLighting":false,"audioPlay":false,"sceneViewState":{"showFog":true,"showMaterialUpdate":false,"showSkybox":false,"showFlares":true,"showImageEffects":true,"showParticleSystems":true},"in2DMode":false,"pivot":{"x":-0.005247712135314941,"y":1.60373854637146,"z":-1.3399999141693116},"rotation":{"x":-0.04676242917776108,"y":0.952928900718689,"z":-0.20952185988426209,"w":-0.21522468328475953},"size":3.02409291267395,"orthographic":false}