{"cameraMode":{"drawMode":0,"name":"Shaded","section":"Shading Mode"},"sceneLighting":false,"audioPlay":false,"sceneViewState":{"showFog":true,"showMaterialUpdate":false,"showSkybox":false,"showFlares":true,"showImageEffects":true,"showParticleSystems":true},"in2DMode":false,"pivot":{"x":0.14879272878170014,"y":0.6414235234260559,"z":0.43988466262817385},"rotation":{"x":-0.003601896809414029,"y":0.9919700026512146,"z":-0.12446220219135285,"w":-0.03130960091948509},"size":1.8068301677703858,"orthographic":false}