{"cameraMode":{"drawMode":0,"name":"Shaded","section":"Shading Mode"},"sceneLighting":false,"audioPlay":false,"sceneViewState":{"showFog":true,"showMaterialUpdate":false,"showSkybox":false,"showFlares":true,"showImageEffects":true,"showParticleSystems":true},"in2DMode":false,"pivot":{"x":1.0351002216339112,"y":1.0316725969314576,"z":0.011321991682052613},"rotation":{"x":-0.04676242917776108,"y":0.952928900718689,"z":-0.20952185988426209,"w":-0.21522468328475953},"size":3.6714649200439455,"orthographic":false}