{"cameraMode":{"drawMode":0,"name":"Shaded","section":"Shading Mode"},"sceneLighting":true,"audioPlay":false,"sceneViewState":{"showFog":true,"showMaterialUpdate":false,"showSkybox":false,"showFlares":true,"showImageEffects":true,"showParticleSystems":true},"in2DMode":false,"pivot":{"x":-0.8179280161857605,"y":2.2056121826171877,"z":-0.018416643142700197},"rotation":{"x":-0.10948752611875534,"y":-0.05195269733667374,"z":0.005247517954558134,"w":-0.992846667766571},"size":1.5511553287506104,"orthographic":false}