{"cameraMode":{"drawMode":0,"name":"Shaded","section":"Shading Mode"},"sceneLighting":false,"audioPlay":false,"sceneViewState":{"showFog":true,"showMaterialUpdate":false,"showSkybox":false,"showFlares":true,"showImageEffects":true,"showParticleSystems":true},"in2DMode":false,"pivot":{"x":-4.369999885559082,"y":2.5,"z":-0.0000014901161193847657},"rotation":{"x":-0.04674771800637245,"y":0.044036783277988437,"z":-0.0020688152872025968,"w":-0.9979602098464966},"size":2.5485291481018068,"orthographic":false}