{"cameraMode":{"drawMode":0,"name":"Shaded","section":"Shading Mode"},"sceneLighting":false,"audioPlay":false,"sceneViewState":{"showFog":true,"showMaterialUpdate":false,"showSkybox":false,"showFlares":true,"showImageEffects":true,"showParticleSystems":true},"in2DMode":false,"pivot":{"x":7.5,"y":2.093719959259033,"z":-0.03067275881767273},"rotation":{"x":-0.20405793190002442,"y":0.004987640772014856,"z":-0.0010314842220395804,"w":-0.9789642095565796},"size":3.458897590637207,"orthographic":false}