{"cameraMode":{"drawMode":0,"name":"Shaded","section":"Shading Mode"},"sceneLighting":true,"audioPlay":false,"sceneViewState":{"showFog":true,"showMaterialUpdate":false,"showSkybox":true,"showFlares":true,"showImageEffects":true,"showParticleSystems":true},"in2DMode":false,"pivot":{"x":-1.6467593908309937,"y":1.7199416160583497,"z":1.1311779022216797},"rotation":{"x":-0.03170987591147423,"y":0.07698158919811249,"z":-0.0024498170241713526,"w":-0.9965271353721619},"size":4.496051788330078,"orthographic":false}