{"cameraMode":{"drawMode":0,"name":"Shaded","section":"Shading Mode"},"sceneLighting":false,"audioPlay":false,"sceneViewState":{"showFog":true,"showMaterialUpdate":true,"showSkybox":true,"showFlares":true,"showImageEffects":true,"showParticleSystems":true},"in2DMode":false,"pivot":{"x":-4.510366916656494,"y":1.7912588119506837,"z":-0.15839338302612306},"rotation":{"x":-0.14079810678958894,"y":-0.02465382032096386,"z":0.003505682572722435,"w":-0.9897352457046509},"size":2.051985025405884,"orthographic":false}